ID,Name,PhotoUrl
273424205, Brian Berry, https://randomuser.me/api/portraits/men/80.jpg
473646547, Micheal Hamilton, https://randomuser.me/api/portraits/men/48.jpg
870018668, Franklin Gonzalez, https://randomuser.me/api/portraits/men/70.jpg
674664157, Calvin Porter, https://randomuser.me/api/portraits/men/52.jpg
548799816, Nevaeh Andrews, https://randomuser.me/api/portraits/women/57.jpg
188555762, Caleb Edwards, https://randomuser.me/api/portraits/men/96.jpg
644468389, Melissa Clark, https://randomuser.me/api/portraits/women/82.jpg
130583347, Jar Berry, https://randomuser.me/api/portraits/men/26.jpg
279027621, Raymond Mcdonalid, https://randomuser.me/api/portraits/men/45.jpg
376888462, Eileen Jensen, https://randomuser.me/api/portraits/women/12.jpg
